vti_encoding:SR|utf8-nl
vti_timelastmodified:TR|11 Oct 2019 13:52:45 -0000
vti_extenderversion:SR|6.0.2.5516
vti_nosourcecontrol:SR|True
vti_author:SR|DESKTOP-HNEP0DC\\Mufasa
vti_modifiedby:SR|DESKTOP-HNEP0DC\\Mufasa
vti_nexttolasttimemodified:TR|11 Oct 2019 13:52:45 -0000
vti_timecreated:TR|11 Oct 2019 13:52:45 -0000
vti_cacheddtm:TX|11 Oct 2019 13:52:45 -0000
vti_filesize:IR|0
vti_backlinkinfo:VX|Byram/CertInfoForms/CertInfoForm-WC_TC\\ RN.htm Byram/CertInfoForms/CertInfoForm-WC_TC\\ NonClin.htm
