Contact_FirstName,Contact_LastName,Contact_Credentials,Contact_CredentialsLicenseNo,Contact_Email,Remote Name,Remote User,HTTP User Agent,Date,Time
,,,,,,,,,
,,,,,,,,,
,,,,,,,,,
,,,,,,,,,
,,,,,,,,,
,,,,,,,,,
,,,,,,,,,
,,,,,,,,,
,,,,,,,,,
,,,,,,,,,
,,,,,,,,,
,,,,,,,,,
,,,,,,,,,
,,,,,,,,,
,,,,,,,,,
,,,,,,,,,
*******************************************************************************
Contact_FirstName:   asgasg
Contact_LastName:    asfgasfdgasfg
Contact_Credentials: afsdgasfg
Contact_LicenseNo:   4325462
Contact_Email:       afdg@asa.com
Remote Name:         66.82.9.26
Remote User:         abrams
HTTP User Agent:     Mozilla/4.0 (compatible; MSIE 6.0; Windows NT 5.1)
Date:                16 Aug 2002
Time:                15:22:26
