<!--webbot BOT="FormInsertHere" --><hr><p><b>Contact_FirstName: </b>xfghxch<br><b>Contact_LastName: </b>xcvnxc<br><b>Contact_Credentials: </b>xcnxc<br><b>Contact_LicenseNo: </b>081602<br><b>Contact_Email: </b>asdgas<br><b>Remote Name: </b>66.82.9.26<br><b>Remote User: </b>abrams<br><b>HTTP User Agent: </b>Mozilla/4.0 (compatible; MSIE 6.0; Windows NT 5.1)<br><b>Date: </b>16 Aug 2002<br><b>Time: </b>15:17:06<br></p><hr><p><b>Contact_FirstName: </b>sfgh<br><b>Contact_LastName: </b>sdfhsds<br><b>Contact_Credentials: </b>shgsdh<br><b>Contact_LicenseNo: </b>081602<br><b>Contact_Email: </b>fxjfgjxcfgj<br><b>Remote Name: </b>66.82.9.26<br><b>Remote User: </b>abrams<br><b>HTTP User Agent: </b>Mozilla/4.0 (compatible; MSIE 6.0; Windows NT 5.1)<br><b>Date: </b>16 Aug 2002<br><b>Time: </b>14:51:57<br></p><hr><p><b>Contact_FirstName: </b>Test <br><b>Contact_LastName: </b>Monkey<br><b>Contact_Credentials: </b>RN<br><b>Contact_LicenseNo: </b>3453454<br><b>Contact_Email: </b>TM@aol.com<br><b>Remote Name: </b>66.82.9.26<br><b>Remote User: </b>abrams<br><b>HTTP User Agent: </b>Mozilla/4.0 (compatible; MSIE 6.0; Windows NT 5.1)<br><b>Date: </b>16 Aug 2002<br><b>Time: </b>14:34:17<br></p><hr><p><b>Contact_FirstName: </b>Test <br><b>Contact_LastName: </b>Monkey<br><b>Contact_Credentials: </b>RN<br><b>Contact_LicenseNo: </b>3453454<br><b>Contact_Email: </b>TM@aol.com<br><b>Remote Name: </b>66.82.9.26<br><b>Remote User: </b>abrams<br><b>HTTP User Agent: </b>Mozilla/4.0 (compatible; MSIE 6.0; Windows NT 5.1)<br><b>Date: </b>16 Aug 2002<br><b>Time: </b>14:32:01<br></p><hr><p><b>Contact_FirstName: </b>Test <br><b>Contact_LastName: </b>Monkey<br><b>Contact_Credentials: </b>RN<br><b>Contact_LicenseNo: </b>3453454<br><b>Contact_Email: </b>TM@aol.com<br><b>Remote Name: </b>66.82.9.26<br><b>Remote User: </b>abrams<br><b>HTTP User Agent: </b>Mozilla/4.0 (compatible; MSIE 6.0; Windows NT 5.1)<br><b>Date: </b>16 Aug 2002<br><b>Time: </b>14:31:31<br></p><hr><p><b>Contact_FirstName: </b>dgasfg<br><b>Contact_LastName: </b>afgadfgadf<br><b>Contact_Credentials: </b>adfgadfg<br><b>Contact_LicenseNo: </b>3473467334<br><b>Contact_Email: </b>sdfhsdfhsd<br><b>Remote Name: </b>66.82.9.12<br><b>Remote User: </b>rfg<br><b>HTTP User Agent: </b>Mozilla/4.0 (compatible; MSIE 6.0; Windows NT 5.1)<br><b>Date: </b>15 Aug 2002<br><b>Time: </b>19:54:28<br></p><hr><p><b>Contact_FirstName: </b>zagasg<br><b>Contact_LastName: </b>asfgasdfgads<br><b>Contact_Credentials: </b>adsfgadsf<br><b>Contact_LicenseNo: </b>g245632456<br><b>Contact_Email: </b>adfgdafg<br><b>Remote Name: </b>66.82.9.12<br><b>Remote User: </b>rfg<br><b>HTTP User Agent: </b>Mozilla/4.0 (compatible; MSIE 6.0; Windows NT 5.1)<br><b>Date: </b>15 Aug 2002<br><b>Time: </b>19:52:03<br></p>*******************************************************************************
Contact_FirstName:   zdgxz
Contact_LastName:    xzgzxbzvb
Contact_Credentials: zxvbzx
Contact_LicenseNo:   081602
Contact_Email:       zghsdh
Remote Name:         66.82.9.26
Remote User:         abrams
HTTP User Agent:     Mozilla/4.0 (compatible; MSIE 6.0; Windows NT 5.1)
Date:                16 Aug 2002
Time:                15:15:41
*******************************************************************************
Contact_FirstName:   sdhsdf
Contact_LastName:    sdfhsdh
Contact_Credentials: sdghsd
Contact_LicenseNo:   sdgfhsdgh
Contact_Email:       sghsfdgh
Remote Name:         66.82.9.26
Remote User:         abrams
HTTP User Agent:     Mozilla/4.0 (compatible; MSIE 6.0; Windows NT 5.1)
Date:                16 Aug 2002
Time:                15:28:30
*******************************************************************************
Contact_FirstName:   adfhad
Contact_LastName:    adfhadfa
Contact_Credentials: adfhadfha
Contact_LicenseNo:   adfhadfha
Contact_Email:       adfhadd
Remote Name:         66.82.9.26
Remote User:         abrams
HTTP User Agent:     Mozilla/4.0 (compatible; MSIE 6.0; Windows NT 5.1)
Date:                16 Aug 2002
Time:                15:32:49
*******************************************************************************
Contact_FirstName:   gfcjcfg
Contact_LastName:    vbhkjbjm
Contact_Credentials: cvbmcvbm
Contact_LicenseNo:   5665
Contact_Email:       cxvnxvbn
Remote Name:         66.82.9.26
Remote User:         abrams
HTTP User Agent:     Mozilla/4.0 (compatible; MSIE 6.0; Windows NT 5.1)
Date:                16 Aug 2002
Time:                15:44:42
*******************************************************************************
Contact_FirstName:   asgas
Contact_LastName:    afsgasdfga
Contact_Credentials: adfgad
Contact_LicenseNo:   agasfdg
Contact_Email:       adsfgadsfg
Remote Name:         66.82.9.26
Remote User:         abrams
HTTP User Agent:     Mozilla/4.0 (compatible; MSIE 6.0; Windows NT 5.1)
Date:                16 Aug 2002
Time:                15:55:39
*******************************************************************************
Contact_FirstName:   asdas
Contact_LastName:    asgasg
Contact_Credentials: asgasf
Contact_LicenseNo:   asfgasfgadsf
Contact_Email:       asfgasfga
Remote Name:         66.82.9.26
Remote User:         abrams
HTTP User Agent:     Mozilla/4.0 (compatible; MSIE 6.0; Windows NT 5.1)
Date:                16 Aug 2002
Time:                15:56:10
*******************************************************************************
Contact_FirstName:   zdfd
Contact_LastName:    adfhdafh
Contact_Credentials: sdfhsd
Contact_LicenseNo:   sdfhsdh
Contact_Email:       sdhsd
Remote Name:         66.82.9.26
Remote User:         abrams
HTTP User Agent:     Mozilla/4.0 (compatible; MSIE 6.0; Windows NT 5.1)
Date:                16 Aug 2002
Time:                15:56:31
*******************************************************************************
Contact_FirstName:   joe
Contact_LastName:    joe
Contact_Credentials: joe
Contact_LicenseNo:   joe
Contact_Email:       joe@joe.com
Remote Name:         66.38.0.15
Remote User:         administrator
HTTP User Agent:     Mozilla/4.0 (compatible; MSIE 5.01; Windows 98)
Date:                16 Aug 2002
Time:                15:56:48
*******************************************************************************
Contact_FirstName:   joe
Contact_LastName:    joe
Contact_Credentials: joe
Contact_LicenseNo:   joe
Contact_Email:       joe@joe.com
Remote Name:         66.38.0.15
Remote User:         administrator
HTTP User Agent:     Mozilla/4.0 (compatible; MSIE 5.01; Windows 98)
*******************************************************************************
Contact_FirstName:   http://www.hi-r-ed.org/Optioncare/Cellulitis/cellulitiscongratsRN.htm
Contact_LastName:    http://www.hi-r-ed.org/Optioncare/Cellulitis/cellulitiscongratsRN.htm
Contact_Credentials: http://www.hi-r-ed.org/Optioncare/Cellulitis/cellulitiscongratsRN.htm
Contact_LicenseNo:   http://www.hi-r-ed.org/Optioncare/Cellulitis/cellulitiscongratsRN.htm
Contact_Email:       
Remote Name:         66.38.0.15
Remote User:         administrator
HTTP User Agent:     Mozilla/4.0 (compatible; MSIE 5.01; Windows 98)
*******************************************************************************
Contact_FirstName:   cellulitiscongratsRN.htm
Contact_LastName:    cellulitiscongratsRN.htm
Contact_Credentials: cellulitiscongratsRN.htm
Contact_LicenseNo:   cellulitiscongratsRN.htm
Contact_Email:       
Remote Name:         66.38.0.15
Remote User:         administrator
HTTP User Agent:     Mozilla/4.0 (compatible; MSIE 5.01; Windows 98)
"Test","Monkey","RN, BSN","234562356","TM@aol.com","66.82.9.26","rfg","Mozilla/4.0 (compatible; MSIE 6.0; Windows NT 5.1)","08/16/02","05:31 PM"
"Rick","Fields-Gardner","RN","145344573","RFG@Hi-R-Ed.org","66.82.9.26","abrams","Mozilla/4.0 (compatible; MSIE 6.0; Windows NT 5.1)","08/16/02","05:48 PM"
"Rick","Fields-Gardner","RN","23546245746","RFG@Hi-R-Ed.org","66.82.9.26","abrams","Mozilla/4.0 (compatible; MSIE 6.0; Windows NT 5.1)","08/16/02","05:54 PM"
"Rick","fields-Gardner","RN","23545645","RFG@Hi-R-Ed.org","66.82.9.26","abrams","Mozilla/4.0 (compatible; MSIE 6.0; Windows NT 5.1)","08/16/02","05:57 PM"
"Rick","fields-Gardner","RN","23545645","RFG@Hi-R-Ed.org","66.82.9.26","abrams","Mozilla/4.0 (compatible; MSIE 6.0; Windows NT 5.1)","08/16/02","05:57 PM"
"ertuw","shshs","sfghsf","sfghsfgh457","sfgsfgs","66.82.9.26","abrams","Mozilla/4.0 (compatible; MSIE 6.0; Windows NT 5.1)","08/16/02","05:58 PM"
"asdg","asdga","asfd","245624","adfg@asfd.asd","66.82.9.26","abrams","Mozilla/4.0 (compatible; MSIE 6.0; Windows NT 5.1)","08/16/02","06:04 PM"
"astg","adfgad","agafdsg","25245624","adfgadfgad","66.82.9.26","abrams","Mozilla/4.0 (compatible; MSIE 6.0; Windows NT 5.1)","08/16/02","06:06 PM"
"Rick","Fields-Gardner","RN","234623532","RFG@Hi-R-Ed.org","66.82.9.31","abrams","Mozilla/4.0 (compatible; MSIE 6.0; Windows NT 5.1)","08/17/02","10:45 AM"
